"FIPS","Value"
"1001",""
"1003","24.26807108524102"
"1005","27.016318146940936"
"1007","30.077130559364193"
"1009",""
"1011","23.932832466110458"
"1013","30.273585924810142"
"1015","27.43503553208823"
"1017","23.109926350881793"
"1019","26.64871456856504"
"1021",""
"1023",""
"1025","25.59761213286082"
"1027",""
"1029","18.72000803671802"
"1031","22.78538595146774"
"1033","21.209966869659468"
"1035",""
"1037","21.576446432504746"
"1039","19.813128163685214"
"1041","29.876485689593206"
"1043","23.962067234927673"
"1045","24.987667250923316"
"1047",""
"1049","22.847993813532426"
"1051","25.139404715529093"
"1053",""
"1055","26.065246900198616"
"1057","22.65128316644151"
"1059","23.73157320612585"
"1061","22.647548954659886"
"1063",""
"1065","24.704345037151707"
"1067",""
"1069","27.62773971329987"
"1071","20.482607930540222"
"1073",""
"1075",""
"1077","20.107262976355226"
"1079","25.439907010313664"
"1081","27.33374239231316"
"1083","25.35076560857773"
"1085","24.347152684112977"
"1087",""
"1089","19.581582186407548"
"1091","22.234456355060153"
"1093","23.140821910615763"
"1095",""
"1097","25.953073477129397"
"1099",""
"1101","25.884767676403087"
"1103",""
"1105","22.384542755118026"
"1107","26.89039385063684"
"1109",""
"1111","28.007954909740512"
"1113",""
"1115","23.670315697808498"
"1117",""
"1119",""
"1121","23.076008807513407"
"1123","24.102345775585647"
"1125","20.883011258240504"
"1127","20.568756399798136"
"1129",""
"1131","29.49391534418706"
"1133","24.499742561298767"
"2013","28.260601731595973"
"2016","26.016076225023273"
"2020","22.495745901077456"
"2050",""
"2060","30.129604632567787"
"2068","24.626267708051415"
"2070",""
"2090","18.0"
"2100","27.625493401482448"
"2105","25.055919004361073"
"2110",""
"2122","25.072401462761313"
"2130","18.0"
"2150","23.98341257944176"
"2164","26.000259031843775"
"2170","29.919303835428895"
"2180",""
"2185","21.924475366661888"
"2188","22.99704334493512"
"2195",""
"2198",""
"2220",""
"2230","26.54628688252799"
"2240","25.09099266127816"
"2261","28.138608929868294"
"2270",""
"2275","23.60580224902418"
"2282",""
"2290",""
"4001","25.786986828188322"
"4003","25.664374768243214"
"4005","24.769421143330405"
"4007","23.931258330897645"
"4009",""
"4011","23.280667294455093"
"4012","23.55316851661433"
"4013","21.946212066236967"
"4015",""
"4017",""
"4019","31.346980966663"
"4021",""
"4023","25.65211922352748"
"4025","24.491225301891287"
"4027","18.042159490314404"
"5001","24.65882961907192"
"5003","24.96214829912712"
"5005","33.364777656017466"
"5007","24.078910884545625"
"5009",""
"5011",""
"5013",""
"5015","28.7476578053907"
"5017","27.380830636278084"
"5019","27.51754809707997"
"5021",""
"5023","29.65670204502581"
"5025","19.849677981597257"
"5027",""
"5029",""
"5031",""
"5033",""
"5035","25.099992541665728"
"5037","22.991033866875053"
"5039",""
"5041",""
"5043","21.036975689235305"
"5045","26.407555010161968"
"5047","21.536583413861262"
"5049","30.171207891957025"
"5051","22.012733345841394"
"5053","23.625386014422872"
"5055",""
"5057","20.447568592571113"
"5059","25.546901704764068"
"5061","29.32223654482607"
"5063","19.130642457304823"
"5065","25.397151450235352"
"5067",""
"5069","27.48534665600689"
"5071","20.426286252446335"
"5073","20.134290551297926"
"5075","26.576617785318213"
"5077","25.790009368615465"
"5079",""
"5081","25.962968878914054"
"5083",""
"5085","25.563664089481225"
"5087","25.776329550390308"
"5089","22.253663035456285"
"5091","31.27560830920757"
"5093","26.40839593427729"
"5095","20.585901199539748"
"5097","27.047316704140663"
"5099","21.343364331852545"
"5101",""
"5103","28.80281054675777"
"5105","21.881854995857175"
"5107","28.120185263928967"
"5109",""
"5111","27.626044677043474"
"5113","31.38407082619845"
"5115","23.893490455667862"
"5117",""
"5119","21.6411692471625"
"5121","21.89889107075797"
"5123","24.481938768749956"
"5125","25.94444949623483"
"5127","25.719047630788353"
"5129","27.64395862009668"
"5131","24.797004692716534"
"5133",""
"5135","23.82611339068632"
"5137","34.26317637185847"
"5139",""
"5141","21.754311763201343"
"5143","21.006943224012424"
"5145","26.438605717516744"
"5147","23.970156920370428"
"5149",""
"6001",""
"6003","24.496879488531793"
"6005","21.7905510728193"
"6007","19.4545634729518"
"6009","23.190208771801974"
"6011","27.746116831735147"
"6013",""
"6015","20.395556951150184"
"6017","25.357103896468765"
"6019","26.098882991749868"
"6021","21.66095009758991"
"6023","25.289072588205777"
"6025","24.95507973497942"
"6027","20.754908252532626"
"6029","26.002618570921207"
"6031","26.71244025127111"
"6033","28.538654113184666"
"6035","28.436378251845323"
"6037",""
"6039","21.472241181579935"
"6041","26.552468480984324"
"6043","26.548099987520978"
"6045","26.55251190693331"
"6047","35.0"
"6049","26.74777792083448"
"6051","28.722281590630413"
"6053","28.087405850402472"
"6055","27.029265451381843"
"6057","23.649136600258252"
"6059","27.405434125824197"
"6061","22.04919728201842"
"6063","23.923455521604502"
"6065","23.054366601865645"
"6067",""
"6069","32.84522448082635"
"6071","18.222260977951123"
"6073","27.151191926549195"
"6075","19.112345458400497"
"6077","23.10133326303759"
"6079","28.55928242688865"
"6081","24.976309296521613"
"6083","20.98298280670398"
"6085","22.250333151710272"
"6087","27.127895318666532"
"6089","22.197662520197728"
"6091","25.508433220879088"
"6093","24.910892269030708"
"6095","22.473085163966655"
"6097",""
"6099","26.96817018004022"
"6101","18.0"
"6103","25.40351705292121"
"6105","22.437467293321767"
"6107","27.732250780301136"
"6109",""
"6111","24.350341124955225"
"6113",""
"6115",""
"8001","20.554455625651514"
"8003","23.58188795547104"
"8005","23.090796126489355"
"8007","22.467039759210007"
"8009","30.924817681763038"
"8011","26.167643403098506"
"8013","20.342598704388767"
"8014",""
"8015",""
"8017","28.361769736459514"
"8019","19.438748770364132"
"8021",""
"8023","29.18155839600171"
"8025",""
"8027","26.30344753383546"
"8029","27.460209462126127"
"8031","21.510336298646372"
"8033",""
"8035","18.0"
"8037",""
"8039","23.8683839732197"
"8041","20.3884082712907"
"8043","30.459605469741426"
"8045","19.7507550289071"
"8047",""
"8049","25.208702418143954"
"8051","29.79125177027523"
"8053","19.73075115920443"
"8055","28.818784111331617"
"8057",""
"8059","21.319492377909405"
"8061",""
"8063",""
"8065","22.652758122215392"
"8067","24.995618344865132"
"8069",""
"8071",""
"8073",""
"8075","30.297377523779875"
"8077","20.42326234207864"
"8079","32.21013433883451"
"8081","18.0"
"8083",""
"8085",""
"8087","25.734087208248496"
"8089","22.574142900605175"
"8091",""
"8093","23.02766089528239"
"8095","22.690704810620478"
"8097","27.722350770392307"
"8099","25.999919552100057"
"8101","22.328638814496607"
"8103",""
"8105",""
"8107","27.59388181902454"
"8109","26.953168674766708"
"8111",""
"8113",""
"8115",""
"8117","26.88582706900242"
"8119",""
"8121",""
"8123","29.219161100672952"
"8125",""
"9001","26.664580310197735"
"9003","24.044532350169042"
"9005",""
"9007","28.59364196493773"
"9009","27.637780287730433"
"9011","27.596145997036327"
"9013","29.316418208690457"
"9015",""
"10001",""
"10003","23.666628836928314"
"10005","25.885055745971304"
"1001","24.296468708545916"
"1003","25.090707384664107"
"1005","26.83263082104664"
"1007","21.890462613442658"
"1009","32.06800682623519"
"1011","21.23379252025329"
"1013","20.50587864790467"
"1015","28.8011156734527"
"1017",""
"1019","26.933905227064376"
"11001",""
"12001","24.708717501456913"
"12003","21.614104935651103"
"12005",""
"12007","22.383704555184075"
"12009","28.16124921083613"
"12011","24.23732425670965"
"12013",""
"12015",""
"12017","26.19544132889523"
"12019",""
"12021","21.876476789971516"
"12023",""
"12027","25.608117289122244"
"12029","22.97890895985255"
"12031","23.10445778144633"
"12033","25.562951601081263"
"12035","19.688013736613296"
"12037",""
"12039",""
"12041","24.00517865993975"
"12043","25.83869364853667"
"12045",""
"12047",""
"12049","24.19228265034195"
"12051",""
"12053",""
"12055",""
"12057","23.742186100592605"
"12059","25.87999324053288"
"12061","21.858956370053583"
"12063","26.56754365012595"
"12065","30.11108028881943"
"12067","24.37123847258733"
"12069",""
"12071",""
"12073",""
"12075","25.53512670786437"
"12077","24.795572822195236"
"12079","25.09308561266171"
"12081",""
"12083",""
"12085","26.49289516208834"
"12086","29.82576538621934"
"12087","28.105830220241007"
"12089","32.2805897847418"
"12091","22.068351026745344"
"12093","27.80179085490619"
"12095","25.392634219088993"
"12097","32.408640870924806"
"12099","21.9251583349307"
"12101","21.81527935314066"
"12103",""
"12105","18.0"
"12107","22.913129438789316"
"12109","22.097076132535662"
"12111","25.277423938966688"
"12113",""
"12115","31.311961225879287"
"12117","28.07489489272024"
"12119",""
"12121","21.610047706605613"
"12123","26.47163825947857"
"12125","20.13507173692036"
"12127","31.155616190785096"
"12129","28.875697808760325"
"12131",""
"12133",""
"13001","29.48563634964991"
"13003","24.35102856438065"
"13005",""
"13007","19.17629398491215"
"13009","22.655701839993007"
"13011",""
"13013","24.915818268995974"
"13015","23.177793644513688"
"13017","26.929464811897095"
"13019","21.018384690576433"
"13021","24.253681491668335"
"13023",""
"13025","26.55038292881142"
"13027","27.23984984917456"
"13029","20.81899662495009"
"13031","19.38719260128699"
"13033","29.219202802789617"
"13035","25.91354572671497"
"13037",""
"13039","30.175465379678336"
"13043","25.156021224700783"
"13045","28.875198001101076"
"13047","24.987633251466413"
"13049",""
"13051","30.88945408931449"
"13053","23.880986116661504"
"13055",""
"13057","27.008231701705043"
"13059","29.537244894456297"
"13061","21.3774859351478"
"13063","27.150462057511167"
"13065",""
"13067","18.60174361125157"
"13069","20.614032156017196"
"13071","18.0"
"13073","23.809504026603854"
"13075","27.260576154307753"
"13077","30.004843812795304"
"13079",""
"13081","30.44633281362328"
"13083","19.925729983557478"
"13085","18.7953110040354"
"13087","24.557306835525317"
"13089","26.094505356169385"
"13091","24.637216916329145"
"13093","18.0"
"13095","24.43991418568356"
"13097","20.19019280519419"
"13099","27.09318979861316"
"13101","26.033427659787023"
"13103","21.465056334719165"
"13105",""
"13107","21.047781185713202"
"13109","24.532370422480064"
"13111",""
"13113","21.304745380853078"
"13115","26.51404403229347"
"13117","22.897385175890037"
"13119","21.97909662997773"
"13121","24.37728703673936"
"13123","21.131601454838663"
"13125","22.81559129235869"
"13127",""
"13129","31.62160967461927"
"13131","24.87484720295937"
"13133",""
"13135","25.49976600635952"
"13137","24.358762566155356"
"13139","23.978874861430622"
"13141","26.899102089767567"
"13143",""
"13145","22.896533625415803"
"13147","22.738073013591727"
"13149",""
"13151","18.0"
"13153",""
"13155","29.53110016530831"
"13157","30.503511559243254"
"13159","23.880734734603834"
"13161","26.767591846400553"
"13163",""
"13165","35.0"
"13167","28.666366692057863"
"13169","24.30425050095672"
"13171",""
"13173","19.134268243161003"
"13175","25.462993670846316"
"13177",""
"13179",""
"13181","22.490664732008888"
"13183","20.969684039536588"
"13185","30.65098142034333"
"13187","27.83437709100921"
"13189","24.72366288854953"
"13191","29.926472414684962"
"13193","25.02207521116538"
"13195",""
"13197",""
"13199","26.635951587120427"
"13201","21.124594641101748"
"13205","24.085982229283697"
"13207","21.689760108616642"
"13209",""
"13211",""
"13213",""
"13215","19.861159381589292"
"13217","26.72007954389023"
"13219","22.47643423502138"
"13221","23.0482059772184"
"13223","22.680112699108225"
"13225","21.73041801622936"
"13227",""
"13229",""
"13231",""
"13233",""
"13235","23.916009492685173"
"13237",""
"13239","22.734740337060344"
"13241","27.392922925609085"
"13243","26.503101688480225"
"13245","21.333316282558297"
"13247",""
"13249",""
"13251","18.914119182611884"
"13253","26.65151245472573"
"13255","22.434539520626004"
"13257",""
"13259",""
"13261","18.440396393363063"
"13263","19.060501293821503"
"13265",""
"13267",""
"13269","21.589410301588565"
"13271","26.984511819609057"
"13273",""
"13275","24.520479165025137"
"13277","20.51697164781455"
"13279",""
"13281",""
"13283",""
"13285","23.4068626879466"
"13287","28.270252333773847"
"13289","22.734318847612325"
"13291","27.673711623902665"
"13293","20.80128663162469"
"13295","26.604111039450792"
"13297","29.792284458419854"
"13299",""
"13301","21.965031393222677"
"13303","26.76939322457677"
"13305","24.041550590299344"
"13307",""
"13309","22.63958144652927"
"13311","25.05432002735287"
"13313","24.20718315034599"
"13315","28.834932988073987"
"13317",""
"13319","25.932038588321124"
"13321",""
"15001","23.046524619384925"
"15003","23.239011491783607"
"15005","26.130824583352183"
"15007",""
"15009","25.76479875091315"
"16001",""
"16003","27.797609026196863"
"16005","23.61153200412816"
"16007",""
"16009",""
"16011","18.0"
"16013",""
"16015","18.20992904075063"
"16017","23.52240110232491"
"16019","24.815944563654277"
"16021",""
"16023","25.894710229331043"
"16025",""
"16027","27.65172946522786"
"16029","18.0"
"16031","25.575416036624105"
"16033",""
"16035",""
"16037","28.750914039592587"
"16039","25.93516375448826"
"16041",""
"16043","26.964193877568352"
"16045","32.691489263930855"
"16047","25.387473950855245"
"16049",""
"16051","23.14529025298761"
"16053","21.779883837690846"
"16055","27.654982226041415"
"16057","21.75806628454743"
"16059","25.001787068913842"
"16061","23.081312582016164"
"16063","26.426393154188926"
"16065",""
"16067","28.379514420223312"
"16069",""
"16071","23.807867214930113"
"16073","21.329090613199643"
"16075","23.19797737849303"
"16077",""
"16079","27.398508533812254"
"16081","21.52699862453606"
"16083",""
"16085","29.49180973274702"
"16087",""
"17001","31.314146574751973"
"17003",""
"17005",""
"17007","18.531876732431904"
"17009",""
"17011","27.03966607534518"
"17013","24.557177555213173"
"17015",""
"17017","20.816035069574976"
"17019",""
"17021",""
"17023",""
"17025",""
"17027",""
"17029",""
"17031",""
"17033","26.40012774676741"
"17035","31.332429752181138"
"17037",""
"17039","30.322448252758296"
"17041","22.963969274037197"
"17043","21.291182443607557"
"17045",""
"17047","24.946394591758907"
"17049",""
"17051",""
"17053","30.099930710378086"
"17055",""
"17057",""
"17059","21.212508084494672"
"17061","18.964991411377632"
"17063","27.629927504680488"
"17065","25.007912355953568"
"17067","20.240925135973004"
"17069","20.223029434259313"
"17071","23.57740005940812"
"17073","30.58762069946927"
"17075",""
"17077",""
"17079",""
"17081","23.797906373925787"
"17083",""
"17085","24.56168762369964"
"17087","23.944030415198664"
"17089",""
"17091",""
"17093","28.690809089369235"
"17095",""
"17097","20.88234361534899"
"17099","33.749826993539145"
"17101","24.958610414818715"
"17103","24.800247539225847"
"17105","24.667182512790514"
"17107","25.444185318807303"
"17109","24.246754770028534"
"17111",""
"17113","22.83933520836979"
"17115",""
"17117","22.851343496187237"
"17119",""
"17121",""
"17123","23.85996017435896"
"17125",""
"17127","18.0"
"17129","28.568220902352145"
"17131",""
"17133",""
"17135",""
"17137","23.45272087958468"
"17139","19.82988440839617"
"17141","22.03174356155727"
"17143",""
"17145","30.878717802527067"
"17147","28.023334386827415"
"17149","29.19779691539185"
"17151",""
"17153","20.80357726669878"
"17155","22.917447017062617"
"17157","26.462740502040887"
"17159","20.478117602616155"
"17161","27.244687725899716"
"17163","23.911193298314124"
"17165",""
"17167",""
"17169","26.304999663967724"
"17171",""
"17173","28.805377914455295"
"17175","20.971378809713837"
"17177","26.905287439510882"
"17179","26.82544240385082"
"17181",""
"17183","25.891932614533648"
"17185","20.376762856676773"
"17187",""
"17189",""
"17191","22.92373145950533"
"17193","28.419619141301066"
"17195","22.288657129601425"
"17197","19.826563929351774"
"17199","19.30846422578499"
"17201",""
"17203",""
"18001",""
"18003","18.0"
"18005","30.683552316351744"
"18007",""
"18009","24.413363433840242"
"18011",""
"18013","26.147203062531588"
"18015","24.61994334176326"
"18017","28.609464670653427"
"18019","25.150961539425133"
"18021","25.27710215442365"
"18023",""
"18025","24.55241870153139"
"18027","25.82783358639953"
"18029","18.771582511319632"
"18031","20.037331021272944"
"18033","27.350517894824502"
"18035",""
"18037","24.108204999360215"
"18039",""
"18041",""
"18043","22.864159246173408"
"18045","22.030037036159992"
"18047","25.43635442289322"
"18049","21.330457609558504"
"18051","26.179081289296445"
"18053","18.798104296653282"
"18055",""
"18057","26.404075967411046"
"18059","25.64680193310144"
"18061","28.187723658126878"
"18063","30.575217595907816"
"18065","28.29849613342683"
"18067","18.314542445889717"
"18069","20.277234710727242"
"18071",""
"18073",""
"18075","26.561642978267614"
"18077",""
"18079","25.404609598107225"
"18081","22.11018783815231"
"18083","22.613242091909775"
"18085","19.832858700209886"
"18087","21.523264414073793"
"18089",""
"18091","21.33919771570478"
"18093",""
"18095",""
"18097",""
"18099",""
"18101",""
"18103","21.750114931953288"
"18105","27.200319577315838"
"18107","22.738703869972532"
"18109","25.17817349633738"
"18111","33.70340727704407"
"18113","24.415647525544607"
"18115","28.77021335724364"
"18117","22.29273871515192"
"18119","24.62919637043377"
"18121",""
"18123","22.55922056927313"
"18125",""
"18127",""
"18129",""
"18131","26.962885664763984"
"18133","28.152279164175784"
"18135",""
"18137",""
"18139","22.208954982319295"
"18141","23.88604065232489"
"18143","24.49126896410836"
"18145","26.92184956097851"
"18147",""
"18149","20.082232461897277"
"18151",""
"18153","26.886580538976713"
"18155","26.708964249903584"
"18157","28.53071477755572"
"18159","27.667522600464768"
"18161","26.357159235216404"
"18163","24.50619192370859"
"18165",""
"18167","26.253790062045567"
"18169",""
"18171",""
"18173","20.28712476600049"
"18175",""
"18177","28.434108193979153"
"18179",""
"18181","27.13454937243648"
"18183","24.85056195562005"
"19001",""
"19003","28.032444752987775"
"19005","22.947083493212887"
"19007",""
"19009","23.135099487004464"
"19011","23.232234734445367"
"19013","23.670456448610086"
"19015","25.528277671613246"
"19017","23.077497062740225"
"19019",""
"19021",""
"19023","24.098105432246438"
"19025","23.213930063018818"
"19027","29.811199070487167"
"19029","25.43883541162882"
"19031","28.35959925649442"
"19033","19.556971022067692"
"19035","25.68533750667798"
"19037","27.86231941459196"
"19039","25.039263911192705"
"19041","28.477213929700685"
"19043",""
"19045",""
"19047",""
"19049","23.482800624560713"
"19051",""
"19053","29.833601050427077"
"19055","30.274842397439386"
"19057","22.923252387401842"
"19059","23.28227055459491"
"19061",""
"19063",""
"19065","21.539283878103625"
"19067","21.240354492815033"
"19069",""
"19071",""
"19073",""
"19075","30.17318733531006"
"19077",""
"19079","28.19342823729168"
"19081","24.003284519751396"
"19083","24.578580765369807"
"19085",""
"19087","20.825710548775316"
"19089","26.088715848192802"
"19091",""
"19093","26.47349883123444"
"19095","25.76267900150654"
"19097","33.3370069022253"
"19099","22.52155079823854"
"19101",""
"19103",""
"19105",""
"19107","22.52278463570726"
"19109","28.909183713245465"
"19111",""
"19113",""
"19115",""
"19117","26.399943117998774"
"19119","22.820578509897164"
"19121","26.964718214600794"
"19123","25.461103298352214"
"19125","19.451427310017184"
"19127",""
"19129",""
"19131",""
"19133","23.395861991736226"
"19135","25.75112849185713"
"19137","25.921038394300798"
"19139","27.05427747369661"
"19141",""
"19143","24.132808212848754"
"19145","21.960129047758574"
"19147","19.928465213640386"
"19149",""
"19151","24.635705552769576"
"19153",""
"19155",""
"19157","25.53406185497848"
"19159","24.69411482072185"
"19161","28.90700436361311"
"19163","33.587484042307"
"19165","22.895248147296808"
"19167",""
"19169","28.402665884579463"
"19171",""
"19173","31.20893594204244"
"19175",""
"19177",""
"19179","26.81688796363865"
"19181","28.62835282967708"
"19183",""
"19185","26.525329709743943"
"19187","28.481390098061915"
"19189","28.840225355288293"
"19191",""
"19193",""
"19195","24.167177863925744"
"19197",""
"20001",""
"20003",""
"20005","26.04068354702628"
"20007","23.376150169923843"
"20009",""
"20011",""
"20013","25.419758395703006"
"20015","24.913915900723303"
"20017","19.996521932926527"
"20019","27.360971203524333"
"20021",""
"20023",""
"20025","23.67533046881337"
"20027","25.517845441186704"
"20029","25.62356263917783"
"20031","30.267433343260013"
"20033",""
"20035","25.727197499038933"
"20037","26.877177069230548"
"20039","25.40405837254403"
"20041","23.190493185292883"
"20043","25.43021678467766"
"20045","28.505716901772566"
"20047","21.16211730024512"
"20049",""
"20051","22.30342328971891"
"20053","28.93026920054199"
"20055",""
"20057",""
"20059","26.070540414098595"
"20061","30.22572024537828"
"20063",""
"20065","22.810170621999994"
"20067","31.32939661370319"
"20069","19.688260048458524"
"20071",""
"20073",""
"20075","22.99600419076219"
"20077",""
"20079","27.22845607031705"
"20081",""
"20083","22.779122993721476"
"20085","20.27469109414036"
"20087","27.802268825285445"
"20089",""
"20091",""
"20093",""
"20095","21.009767625498526"
"20097","19.417225819965953"
"20099","22.332140855641637"
"20101","24.592139923982106"
"20103","25.60242772043053"
"20105","23.90800898786352"
"20107","25.982575570912303"
"20109",""
"20111","29.79996316974609"
"20113","24.464282253511627"
"20115","28.65839741683114"
"20117","25.94995111612039"
"20119",""
"20121",""
"20123",""
"20125",""
"20127","29.399198289584803"
"20129","25.438717898449266"
"20131",""
"20133","24.43776142111509"
"20135","29.78720931917474"
"20137",""
"20139","31.048902511987574"
"20141",""
"20143",""
"20145","25.199484529817727"
"20147","22.370102552585223"
"20149","27.691025349735163"
"20151",""
"20153","23.191367996205837"
"20155",""
"20157",""
"20159",""
"20161","19.21309625378448"
"20163","27.410488391274146"
"20165","27.499254064209424"
"20167",""
"20169",""
"20171","24.584708232751467"
"20173","24.73894385707837"
"20175","20.701078571267974"
"20177","30.008484758162723"
"20179","27.819420042944916"
"20181","23.978893833528076"
"20183","24.84555279250253"
"20185","25.480194575964603"
"20187",""
"20189",""
"20191","22.366841556458848"
"20193","21.24916884181891"
"20195",""
"20197","31.03752455478052"
"20199",""
"20201","22.754295116130944"
"20203",""
"20205","29.644677307845694"
"20207","27.98471426748547"
"20209","24.96005083412359"
"21001",""
"21003",""
"21005","26.12744411720657"
"21007",""
"21009",""
"21011","28.421519564963358"
"21013",""
"21015",""
"21017","25.442488869997383"
"21019","32.008120806952824"
"21021",""
"21023","30.8216982538506"
"21025","25.443576971087253"
"21027",""
"21029",""
"21031","23.631380098157866"
"21033","26.234725059970465"
"21035","26.579743570400417"
"21037","22.74547986742906"
"21039",""
"21041","32.242433368428266"
"21043","30.792253764409338"
"21045","26.277237060169494"
"21047","24.88442792300067"
"21049",""
"21051","26.896833680210737"
"21053","21.175134612290073"
"21055","23.851570454496084"
"21057","18.916990704008587"
"21059","26.147507304929192"
"21061","27.01459567450732"
"21063","23.061979232816494"
"21065","30.255311949664314"
"21067","20.465397091447763"
"21069","19.631050490330477"
"21071","25.536383203313946"
"21073","28.412937202035632"
"21075",""
"21077",""
"21079","28.523372069355613"
"21081","24.61688803401596"
"21083","24.147913735230887"
"21085",""
"21087","27.03252307872688"
"21089","19.239358856465838"
"21091","29.914570360132128"
"21093","29.577316449391212"
"21095","22.564131192178724"
"21097",""
"21099","26.479019860340735"
"21101","25.663040752168126"
"21103",""
"21105","22.40307052180899"
"21107","24.662185774364037"
"21109","28.852231051021292"
"21111","26.6523515323624"
"21113",""
"21115",""
"21117","18.0"
"21119","28.768438337985856"
"21121","18.668270942815912"
"21123","23.48419098196412"
"21125",""
"21127","20.224418663296884"
"21129","28.810612429445335"
"21131",""
"21133","25.963163548422386"
"21135","24.587473349410313"
"21137",""
"21139","25.020164552273844"
"21141","20.265292554925008"
"21143",""
"21145","23.025018613617576"
"21147","19.308629532149457"
"21149","23.25454745639323"
"21151","29.99925865691878"
"21153","27.724517487935117"
"21155",""
"21157",""
"21159",""
"21161",""
"21163","26.087057381047956"
"21165","26.25527066604548"
"21167",""
"21169",""
"21171","23.845746309388062"
"21173","24.06496292352332"
"21175","24.501172232636467"
"21177","24.62138561435562"
"21179","27.295848447738592"
"21181","24.933180442124684"
"21183","27.313368817278437"
"21185","24.46929862386069"
"21187",""
"21189","18.0"
"21191",""
"21193","25.96310967873403"
"21195","28.241290158147855"
"21197","18.0"
"21199","32.05397604010175"
"21201","24.263436804648666"
"21203",""
"21205","21.115294194033424"
"21207",""
"21209",""
"21211","22.5704033788475"
"21213",""
"21215","24.084780331666654"
"21217","25.511840005486235"
"21219","27.793913101848823"
"21221","26.484795377762598"
"21223","25.27751177159524"
"21225","26.02770269796703"
"21227","33.15558179908713"
"21229","24.55006481146865"
"21231",""
"21233","28.425371819912005"
"21235",""
"21237","28.902238463796472"
"21239","26.9849935373828"
"22001","20.754787214358224"
"22003","30.46317290976904"
"22005","20.743106532416505"
"22007","25.80976853449714"
"22009","22.11405898107508"
"22011","24.527267854673067"
"22013",""
"22015","25.87523301587186"
"22017",""
"22019",""
"22021",""
"22023","23.897796583312925"
"22025","28.122671559373025"
"22027","28.910771070876372"
"22029","20.458955624557777"
"22031",""
"22033","27.20333675635805"
"22035","23.711048395747188"
"22037",""
"22039","24.226840409425762"
"22041",""
"22043","24.14635936369789"
"22045","24.80601625198059"
"22047","20.91818773933697"
"22049","19.71610439132229"
"22051",""
"22053","21.78996491889405"
"22055","21.28493197714203"
"22057","18.0"
"22059","22.51727864905692"
"22061",""
"22063",""
"22065","28.28257570996508"
"22067","22.345280519192816"
"22069","32.627649694593316"
"22071","28.184487466135284"
"22073","23.615700599094804"
"22075","18.0"
"22077",""
"22079","19.892612638451347"
"22081","18.998063006824353"
"22083",""
"22085","33.2826410281305"
"22087",""
"22089","26.723366040939812"
"22091","26.83122275374683"
"22093",""
"22095",""
"22097","25.734784997997796"
"22099","25.115901646945783"
"22101","24.532671032219888"
"22103","22.11514737023221"
"22105","23.770102280621145"
"22107",""
"22109","24.40767598716619"
"22111","21.29472710167142"
"22113","20.892612016491153"
"22115",""
"22117","29.61896549342704"
"22119","27.962625298287552"
"22121","19.25995989434543"
"22123",""
"22125","28.041142399926407"
"22127","21.316070001859742"
"23001","23.96606449763467"
"23003","26.674912093806206"
"23005","21.36552371932768"
"23007","25.120008187717538"
"23009",""
"23011","22.648734227526116"
"23013","25.869724718161088"
"23015","19.18130800190273"
"23017","26.291752131113817"
"23019","24.682873246316255"
"23021","26.6834365606505"
"23023","25.534503077992778"
"23025","29.521540735759174"
"23027","25.18941431947056"
"23029","23.250035374619124"
"23031","25.179179458431463"
"24001","26.651295087706092"
"24003","24.92239024848139"
"24005",""
"24009",""
"24011",""
"24013",""
"24015",""
"24017","20.402115177245513"
"24019",""
"24021","22.239480923584775"
"24023","27.880829519250142"
"24025","23.720188177046897"
"24027",""
"24029",""
"24031","25.727101816724918"
"24033","21.830576709670204"
"24035","32.252499581684525"
"24037","20.598856773581726"
"24039","25.834893233383838"
"24041","26.967673153212832"
"24043","26.198475223156507"
"24045","24.103644165213677"
"24047","24.2975958883615"
"24510","24.90473677758791"
"25001","24.23751790392031"
"25003","28.12194406418886"
"25005","32.48109288608508"
"25007","22.802155265526835"
"25009","19.961740749390547"
"25011","24.442844395528656"
"25013","33.77202945709457"
"25015",""
"25017","30.483052646095974"
"25019","30.617969632273873"
"25021","22.81580481403402"
"25023",""
"25025",""
"25027","23.425842127382253"
"26001",""
"26003","22.71757296081979"
"26005","21.203233573785795"
"26007","22.48120732465616"
"26009","20.471779967878234"
"26011","24.87072079558046"
"26013","22.059169833581752"
"26015","25.569021795622966"
"26017","19.311029156149637"
"26019",""
"26021","27.666147719825645"
"26023",""
"26025",""
"26027","29.04434005859855"
"26029",""
"26031","30.600037023107326"
"26033","26.216727727460423"
"26035",""
"26037",""
"26039","26.703846694895987"
"26041","25.017309491962404"
"26043","26.635412915024816"
"26045","21.532214771616125"
"26047","25.343746118413684"
"26049","19.80819502446194"
"26051","24.362615896879486"
"26053",""
"26055","22.179607933172512"
"26057",""
"26059","28.567532990472916"
"26061",""
"26063","20.93204282053487"
"26065","23.64515313358297"
"26067","28.993388513186225"
"26069",""
"26071","32.86155750747639"
"26073",""
"26075",""
"26077",""
"26079",""
"26081",""
"26083","27.227589689003846"
"26085",""
"26087",""
"26089","20.096608842469678"
"26091","18.330868076724563"
"26093","26.527837883250843"
"26095","20.893390771825977"
"26097","18.0"
"26099","26.11028654045171"
"26101",""
"26103","24.73031268101783"
"26105","27.68349772721074"
"26107","25.037674200589773"
"26109","24.405752705828924"
"26111","27.965282365719826"
"26113","23.736535752780018"
"26115","25.68653354913868"
"26117","25.876423962032305"
"26119","22.415424089154676"
"26121","28.2204226468247"
"26123","24.1397578165777"
"26125",""
"26127","26.627558789764283"
"26129",""
"26131","24.850082141770166"
"26133","24.719654419461712"
"26135","28.548599877093285"
"26137",""
"26139","24.664028931624497"
"26141",""
"26143","29.612689822241975"
"26145","26.70204027431013"
"26147","24.78774096374868"
"26149",""
"26151","21.02715011872168"
"26153","23.684259417998582"
"26155","22.62025509106176"
"26157",""
"26159","24.94962909013601"
"26161","26.603721423875793"
"26163","24.505027287282225"
"26165","26.452694750676102"
"27001","24.976989041443854"
"27003",""
"27005","21.46695991599964"
"27007",""
"27009",""
"27011","26.849316075401745"
"27013","30.10412855258771"
"27015","29.01319439407191"
"27017",""
"27019","29.964173906087513"
"27021","25.271387470723308"
"27023","23.572849892656585"
"27025","22.6066512861939"
"27027","23.693892909193373"
"27029","23.394200151483034"
"27031",""
"27033","25.31302110005145"
"27035","24.762191922984897"
"27037","26.27938578708258"
"27039","28.914882449928836"
"27041",""
"27043","19.559287257049114"
"27045","18.0"
"27047",""
"27049",""
"27051","23.965602051460436"
"27053","20.659998075517105"
"27055","18.45054265996782"
"27057","26.64487757781777"
"27059","27.406084302920387"
"27061","22.735652732352644"
"27063","18.0"
"27065",""
"27067",""
"27069",""
"27071","25.392696859246954"
"27073","24.6980068199856"
"27075","26.777153720409117"
"27077","25.169678433869432"
"27079","21.34900357439275"
"27081","28.93560123424275"
"27083","24.197209360402912"
"27085","24.65606489824762"
"27087","21.488175959607275"
"27089",""
"27091",""
"27093",""
"27095","30.736884487810848"
"27097","19.954404086196853"
"27099","19.109388899027884"
"27101","29.895792963978412"
"27103",""
"27105","22.411989325926566"
"27107","28.387783234910962"
"27109","22.63388057915437"
"27111",""
"27113","27.122049252007677"
"27115","23.04545747999619"
"27117",""
"27119",""
"27121","27.34643121598221"
"27123",""
"27125",""
"27127",""
"27129",""
"27131","22.11705908489554"
"27133",""
"27135","22.38176857435263"
"27137","31.791766847939712"
"27139","25.228964976276142"
"27141","23.474118332152734"
"27143","25.397313862964175"
"27145","20.041034497925164"
"27147","21.35409094219156"
"27149","28.949037004483706"
"27151","22.454573835305037"
"27153",""
"27155",""
"27157","28.89760130222011"
"27159","27.265510200225197"
"27161","28.2344281355553"
"27163",""
"27165","19.779885087970335"
"27167",""
"27169",""
"27171","23.87445123229308"
"27173","29.3958470862401"
"28001","26.696514438362037"
"28003","26.345647000651706"
"28005","32.321920471730586"
"28007","22.50134596258957"
"28009","27.995926267840236"
"28011","24.95089909424169"
"28013","25.69072947483193"
"28015","30.096147647016142"
"28017","26.527293898311846"
"28019","26.633804732474847"
"28021","28.50178516015629"
"28023","23.475407993940202"
"28025","21.81707027866906"
"28027","21.098148904691662"
"28029","18.0"
"28031","31.9414954450586"
"28033",""
"28035","23.977881712441434"
"28037",""
"28039",""
"28041","27.60393518026868"
"28043",""
"28045",""
"28047","24.167165158746073"
"28049","25.739640268867813"
"28051",""
"28053","30.37195795497914"
"28055",""
"28057","27.321193430183115"
"28059","27.069442679422895"
"28061","28.85483553231286"
"28063","25.38452029491168"
"28065","20.216899091249257"
"28067","26.149132676420457"
"28069","22.47393645070489"
"28071","22.903123051022476"
"28073","26.801884250044733"
"28075",""
"28077","24.825921360456626"
"28079","25.83143954383843"
"28081",""
"28083","25.593384291719236"
"28085","33.848865322753106"
"28087",""
"28089","18.594668818637018"
"28091","27.385756057737005"
"28093","26.084340203946088"
"28095","29.26142880349134"
"28097",""
"28099","24.26740082654335"
"28101","20.470528253205423"
"28103","24.020647724048356"
"28105","21.777519767202502"
"28107","22.72162027418722"
"28109",""
"28111","30.59070821883617"
"28113",""
"28115","20.569887801577423"
"28117","26.306186295150614"
"28119","28.93581098416664"
"28121",""
"28123",""
"28125","24.80290120027351"
"28127","22.00698118972497"
"28129","27.018387833130372"
"28131","24.32862060300395"
"28133",""
"28135","21.648240469956082"
"28137",""
"28139","27.27749707789969"
"28141","23.44785246257399"
"28143","30.79022805587403"
"28145",""
"28147",""
"28149",""
"28151","19.791931013304215"
"28153","18.594507785385975"
"28155","19.416767249018687"
"28157","29.166427983335673"
"28159","22.821854452770545"
"28161","33.69681510043866"
"28163",""
"29001","25.396862778388595"
"29003","30.143848071647547"
"29005","31.766260608001335"
"29007","31.960015569094825"
"29009",""
"29011","28.332387832222135"
"29013","26.82343421416932"
"29015",""
"29017","22.824205742162075"
"29019","21.89053884100236"
"29021",""
"29023","24.156455063279427"
"29025","23.166735035340267"
"29027","27.186603980719042"
"29029","28.091963616371128"
"29031","25.060673890129948"
"29033",""
"29035","20.75938817696978"
"29037","24.074370429301894"
"29039","22.2450230122817"
"29041","18.22480859331481"
"29043","24.462430720924356"
"29045","24.325825475809932"
"29047","30.04363170734234"
"29049",""
"29051","21.170259296154033"
"29053",""
"29055","29.02113836705994"
"29057",""
"29059","23.959592271195746"
"29061","21.39666266095954"
"29063",""
"29065","28.558576171510044"
"29067",""
"29069","30.14781185413287"
"29071","23.042177520814516"
"29073","20.836566385377107"
"29075",""
"29077","18.567825972669944"
"29079","25.88156380008524"
"29081","24.23541783509601"
"29083","23.12194762533072"
"29085",""
"29087","26.547450144244554"
"29089",""
"29091","20.66068409575067"
"29093","18.0"
"29095","24.65532931151743"
"29097",""
"29099",""
"29101","23.153209046626447"
"29103",""
"29105",""
"29107","21.260479188949375"
"29109","25.806818833103065"
"29111",""
"29113","29.041767291173162"
"29115",""
"29117","24.039353384820107"
"29119","21.68149272676208"
"29121",""
"29123",""
"29125",""
"29127","27.946078949898"
"29129","21.943059150062215"
"29131","29.97103595684861"
"29133",""
"29135","24.676825706981116"
"29137","22.13876031921011"
"29139","18.0"
"29141","27.842788907996297"
"29143",""
"29145","23.767820748136963"
"29147","24.985787814566294"
"29149",""
"29151",""
"29153",""
"29155",""
"29157","20.36565784991775"
"29159","25.77802705797696"
"29161","20.00797132889683"
"29163","26.382510024965384"
"29165",""
"29167","19.10389760678037"
"29169","28.824293531466125"
"29171","22.182889123723687"
"29173",""
"29175","25.452872666022675"
"29177","28.76798953230006"
"29179","21.19950927176041"
"29181","24.967217265629582"
"29183","26.250986686026234"
"29185","27.175128346026625"
"29186",""
"29187",""
"29189","21.857700083193645"
"29195",""
"29197","21.002584529623668"
"29199","18.0"
"29201","26.278062753351566"
"29203",""
"29205",""
"29207","21.220808115729568"
"29209","26.91654213078954"
"29211","31.946000392193135"
"29213","24.82425039220485"
"29215",""
"29217","24.112005553950763"
"29219","29.559081347903483"
"29221","22.49279319566265"
"29223","21.957000326515004"
"29225","23.063528064775827"
"29227",""
"29229","25.180483076253793"
"29510","30.43256597225782"
"30001","25.881254547551006"
"30003","23.869134538886623"
"30005","23.73116227614847"
"30007",""
"30009","27.83951732142397"
"30011","24.479366983865365"
"30013","24.120455443446183"
"30015",""
"30017","25.796192369381505"
"30019",""
"30021","23.260693145990718"
"30023","28.767319422494392"
"30025","25.147614357850188"
"30027","19.722303718719917"
"30029",""
"30031",""
"30033","31.301914965405718"
"30035","28.528152880515815"
"30037","23.187387126222088"
"30039",""
"30041",""
"30043",""
"30045","26.446509681960045"
"30047",""
"30049","22.501235459863402"
"30051","28.353012432344634"
"30053",""
"30055","23.34010033790142"
"30057","21.411756748482397"
"30059","26.232742843686832"
"30061","31.963586905284135"
"30063","21.018690705367966"
"30065","24.836229233867677"
"30067","29.68966286328201"
"30069",""
"30071","26.33335266215437"
"30073","21.036661634490976"
"30075","26.249205452387464"
"30077",""
"30079","28.198350192763655"
"30081","28.90348240346101"
"30083","33.806487075492335"
"30085","26.778348453037665"
"30087","25.890755253381194"
"30089",""
"30091","23.516621713769982"
"30093",""
"30095",""
"30097","25.340599614124123"
"30099","29.35879385542148"
"30101",""
"30103","28.737362612966173"
"30105","29.357106805087287"
"30107","24.338689797046488"
"30109","18.0"
"30111","22.62616527848461"
"31001",""
"31003",""
"31005","21.25727343176452"
"31007","22.986490710028296"
"31009",""
"31011","26.663308162719968"
"31013",""
"31015","23.4688632688029"
"31017","23.381677286828907"
"31019","21.52614241965486"
"31021","30.400036911616045"
"31023",""
"31025",""
"31027",""
"31029","28.24234192676326"
"31031",""
"31033","26.163266852074898"
"31035",""
"31037","21.591559952688264"
"31039","25.88573036303693"
"31041","20.628783790471065"
"31043",""
"31045","23.126910168366575"
"31047","25.454937327089553"
"31049",""
"31051","23.84622596013506"
"31053","26.80303740370288"
"31055","23.09094178021962"
"31057",""
"31059","20.045043855020555"
"31061",""
"31063","31.531408144023068"
"31065","21.253674997128645"
"31067",""
"31069","26.54852623176328"
"31071",""
"31073",""
"31075","26.462085110406885"
"31077","26.970976099710448"
"31079","28.63183646413336"
"31081",""
"31083",""
"31085","27.103334279408195"
"31087",""
"31089",""
"31091",""
"31093","28.622677983836983"
"31095",""
"31097","18.0"
"31099","27.714726480227252"
"31101",""
"31103",""
"31105","25.9123789404775"
"31107","25.417662510441975"
"31109","27.23228625807511"
"31111",""
"31113",""
"31115","23.843982109468545"
"31117",""
"31119","26.903300879887496"
"31121","21.480585506726694"
"31123",""
"31125",""
"31127",""
"31129","26.035837126488154"
"31131","31.179131236230166"
"31133",""
"31135",""
"31137","24.683636203517008"
"31139","23.691409910087945"
"31141",""
"31143","19.099775714285027"
"31145","21.067121833269596"
"31147","21.017746568773156"
"31149","28.074488413735875"
"31151",""
"31153","24.38631253287716"
"31155","24.161220723387036"
"31157","24.99649279487388"
"31159","28.814289270466677"
"31161",""
"31163","25.585047453431116"
"31165","28.161521591626233"
"31167",""
"31169","25.414452312181076"
"31171","28.251906101164177"
"31173","18.0"
"31175","27.12187248712835"
"31177",""
"31179","18.35035339531691"
"31181","26.539066763764367"
"31183","29.554822799000572"
"31185","24.270923652035236"
"32001","28.083464304926935"
"32003","30.389206100223085"
"32005","29.349411902815586"
"32007","30.48601688857465"
"32009",""
"32011","25.015310240761362"
"32013","19.149935269630184"
"32015","23.891132373701456"
"32017","21.802954322981602"
"32019","32.34269221618982"
"32021","24.13651967068546"
"32023",""
"32027","26.67992384406751"
"32029","24.904005876214942"
"32031",""
"32033","22.57431828875313"
"32510","25.43202619903621"
"33001","22.1553385354739"
"33003","20.13580847847043"
"33005","22.612363411618844"
"33007","24.622034041881463"
"33009","23.250396642560602"
"33011","22.33034735950589"
"33013","19.83406028485991"
"33015","24.460945016181245"
"33017","19.489974105964187"
"33019",""
"34001","25.03980857112266"
"34003",""
"34005","23.670327232751394"
"34007","22.121470057965155"
"34009","25.867600735169347"
"34011","29.438703795002596"
"34013","18.194611544239777"
"34015","25.15375341716355"
"34017",""
"34019","27.099020654682576"
"34021","25.497027096704873"
"34023","22.122124200475675"
"34025","23.63590264336838"
"34027",""
"34029","28.514022941010136"
"34031","24.826061480288935"
"34033","31.39944830690253"
"34035",""
"34037","22.274449740644922"
"34039","19.45852465517618"
"34041","18.446489141581306"
"35001","19.212281103048696"
"35003","25.685604603165437"
"35005","26.530403404548935"
"35006",""
"35007","27.881227924054727"
"35009","23.0624177570377"
"35011","25.264833084376782"
"35013",""
"35015","27.8875255002305"
"35017",""
"35019","21.63530248631"
"35021",""
"35023","22.236872192229846"
"35025",""
"35027","21.29966298381699"
"35028","24.29257368174601"
"35029","25.020269425165502"
"35031","23.96528532000545"
"35033","22.47867208680157"
"35035","25.341276911289878"
"35037",""
"35039","20.93873442471687"
"35041",""
"35043",""
"35045",""
"35047","27.2279594538042"
"35049","25.56702943987136"
"35051",""
"35053",""
"35055",""
"35057","26.015612911854884"
"35059","20.752265058270698"
"35061","25.131142401936636"
"36001","24.635345329774783"
"36003","24.023817139628168"
"36005","24.302082822289012"
"36007",""
"36009","22.83281046961171"
"36011",""
"36013",""
"36015","21.15806167390715"
"36017","29.17735077896058"
"36019","21.72278093278676"
"36021","28.141448990515116"
"36023","26.245314542571112"
"36025","22.4918731045453"
"36027","30.959283510304175"
"36029","20.57774221147951"
"36031","27.96555402708881"
"36033",""
"36035",""
"36037","29.620584516899175"
"36039",""
"36041","25.76101801437051"
"36043","25.661810166259976"
"36045",""
"36047","27.58670012176365"
"36049",""
"36051","18.637436297524893"
"36053","29.31243698262929"
"36055",""
"36057","28.362052773205892"
"36059","28.69129900352294"
"36061",""
"36063","23.31504354603427"
"36065","20.88521525217883"
"36067",""
"36069","23.674435139581938"
"36071",""
"36073",""
"36075","29.631838706976218"
"36077","22.785803817305407"
"36079","24.019953220420135"
"36081","18.865050199373346"
"36083","21.93364910563711"
"36085",""
"36087","30.400761198869642"
"36089","20.435384121967786"
"36091","22.679866758498118"
"36093","24.659207677790466"
"36095","25.73118246228681"
"36097","21.920594311642073"
"36099","26.234358248594525"
"36101",""
"36103","24.70100552030306"
"36105","26.66173702148689"
"36107","24.773997679942845"
"36109","23.22562713563423"
"36111","24.3682674760728"
"36113","24.442561473951336"
"36115",""
"36117","23.846606790157423"
"36119",""
"36121","26.71291203252571"
"36123","23.718332685183356"
"37001",""
"37003","23.58427182201002"
"37005","28.85361441252998"
"37007","26.044071448460745"
"37009","24.376336687458075"
"37011","26.317075942523605"
"37013","19.258646711340283"
"37015","20.811564803343128"
"37017",""
"37019","25.251371050570125"
"37021",""
"37023","32.55374448010933"
"37025","26.982618851436737"
"37027","26.50284743351865"
"37029","18.45376908381431"
"37031","22.853969423392584"
"37033","21.996891654603992"
"37035",""
"37037",""
"37039",""
"37041","18.0"
"37043",""
"37045",""
"37047","25.58811714768319"
"37049",""
"37051",""
"37053",""
"37055","23.75146782013896"
"37057","28.601274518314487"
"37059","31.599308798713757"
"37061",""
"37063","26.48835270144682"
"37065","23.124486392519508"
"37067","24.381070493838735"
"37069",""
"37071","19.49609350338378"
"37073",""
"37075",""
"37077","28.54821789366363"
"37079","25.094159293861367"
"37081","25.828703464424553"
"37083","23.382060461690955"
"37085","25.692599032706777"
"37087",""
"37089","26.92499587133687"
"37091",""
"37093",""
"37095","24.64921738656669"
"37097","28.689009058646334"
"37099","24.571832071473985"
"37101","18.551765236942806"
"37103",""
"37105","21.584460097774265"
"37107","22.465511327188974"
"37109","22.668687663131053"
"37111","29.557548650241262"
"37113",""
"37115","35.0"
"37117",""
"37119","25.532142031488434"
"37121","24.55959262710007"
"37123","25.750039911379172"
"37125",""
"37127",""
"37129","26.694327096173737"
"37131","25.064778307593716"
"37133","24.061506179274375"
"37135",""
"37137","24.070003667490155"
"37139","28.716003101147322"
"37141","26.827035029255207"
"37143","18.0"
"37145","27.045033941330807"
"37147","25.432476363326185"
"37149","24.68612183597766"
"37151","23.393005555452763"
"37153","28.682234080525593"
"37155","28.06476361657435"
"37157","22.04901386822814"
"37159","26.174883601966997"
"37161","21.35394164666787"
"37163",""
"37165","22.560094162849573"
"37167",""
"37169",""
"37171","26.545650436278812"
"37173",""
"37175","26.55646528708004"
"37177","22.50846747969191"
"37179",""
"37181","27.550338743546316"
"37183",""
"37185",""
"37187","27.228272143167295"
"37189","25.980452408774863"
"37191",""
"37193","24.65880380008481"
"37195","21.667883316359397"
"37197",""
"37199","22.146834336539094"
"38001",""
"38003",""
"38005","21.980680328113113"
"38007","23.67468954093938"
"38009","18.130124577553495"
"38011",""
"38013","24.75575607650459"
"38015","21.894421068557865"
"38017","27.056730049397114"
"38019","28.029949263632215"
"38021","19.13037450529364"
"38023","22.08451555061312"
"38025","22.062075182221633"
"38027","21.464974809751542"
"38029",""
"38031","24.073787599895052"
"38033","23.826609894900837"
"38035",""
"38037",""
"38039","20.418216956951998"
"38041","24.961107750094474"
"38043","25.7214468567655"
"38045","29.509365780783206"
"38047",""
"38049","18.0"
"38051","25.3944089344891"
"38053",""
"38055","29.083773687712387"
"38057","25.48465849817503"
"38059","23.03243302322113"
"38061","27.573812389615952"
"38063","21.347334739963756"
"38065","26.417224590364437"
"38067","26.51902209748921"
"38069","28.45878464707762"
"38071",""
"38073",""
"38075","22.971844036331973"
"38077","24.662114996809514"
"38079","18.565600180935814"
"38081","22.32233237752811"
"38083",""
"38085",""
"38087","25.28428128122933"
"38089",""
"38091",""
"38093","24.752264927376977"
"38095",""
"38097","23.604989020094894"
"38099","25.29419728525257"
"38101",""
"38103","21.719440292250034"
"38105",""
"39001",""
"39003","20.045424145628807"
"39005",""
"39007",""
"39009","27.809023947865576"
"39011","25.669641008186755"
"39013","25.42846814591862"
"39015","27.726882031562834"
"39017","24.271191941200858"
"39019",""
"39021","24.39060462086724"
"39023","25.679435356769908"
"39025","22.713804406643334"
"39027",""
"39029","24.28200594997897"
"39031",""
"39033","27.99024507707183"
"39035",""
"39037","29.073928249663112"
"39039","25.06155053098819"
"39041",""
"39043","22.591792965844345"
"39045",""
"39047","26.90471238090657"
"39049",""
"39051",""
"39053","23.17736077532063"
"39055","24.75338699956663"
"39057","26.853784933584667"
"39059",""
"39061","18.0"
"39063","22.826474639593293"
"39065","20.483066782663"
"39067","22.974723323273704"
"39069",""
"39071","23.166663843442745"
"39073","29.830394770343432"
"39075","25.894071698534542"
"39077","25.802211780585242"
"39079","26.92721716931632"
"39081",""
"39083","28.385010695745947"
"39085",""
"39087",""
"39089",""
"39091","19.318501200785438"
"39093",""
"39095","26.06773483457671"
"39097","21.597330591094067"
"39099","21.71058360264277"
"39101",""
"39103","20.592515586302774"
"39105","30.495487454250707"
"39107","21.602333748874486"
"39109",""
"39111",""
"39113","26.860710799407368"
"39115","22.848933457159262"
"39117","24.182301732451958"
"39119",""
"39121",""
"39123","27.34198680797893"
"39125",""
"39127","23.95219388014516"
"39129",""
"39131","18.0"
"39133","24.083572702397003"
"39135","33.18775093446191"
"39137","27.495072454170806"
"39139","24.68419297077605"
"39141",""
"39143",""
"39145",""
"39147","20.622584043915733"
"39149","28.647997730436455"
"39151",""
"39153","27.26282618027179"
"39155",""
"39157",""
"39159",""
"39161","26.820941707119207"
"39163","23.513564129475718"
"39165","22.74582335263348"
"39167","25.107702537189777"
"39169","30.168011014955113"
"39171",""
"39173","19.620034514080874"
"39175",""
"40001","24.92948028253554"
"40003","25.357665952028707"
"40005","25.604573819615226"
"40007",""
"40009",""
"40011","19.153648190345667"
"40013","21.854529254531315"
"40015","24.390489204290866"
"40017","19.005790505565894"
"40019","24.136629495270512"
"40021",""
"40023","24.824574818881715"
"40025","25.558234432247918"
"40027","20.345113498411752"
"40029","22.59630542258972"
"40031",""
"40033","23.64058417121293"
"40035","29.23307414676297"
"40037","26.701623307251896"
"40039","20.865097686224768"
"40041","25.613495949959468"
"40043","26.493676526699186"
"40045","28.73830839324876"
"40047","30.278229101295185"
"40049",""
"40051","21.916209471099048"
"40053","20.35415915251096"
"40055","23.933241922994736"
"40057","26.382259632790994"
"40059","28.203960732803612"
"40061","24.48596238013307"
"40063",""
"40065",""
"40067","21.831290568172296"
"40069",""
"40071","19.130020768766418"
"40073","25.397524620113412"
"40075","31.827499601297315"
"40077","24.77531794833915"
"40079","24.0870299934482"
"40081","23.501658848492585"
"40083",""
"40085","29.551990219585047"
"40087","18.0"
"40089",""
"40091","19.772379455639665"
"40093","23.819135725189263"
"40095","23.250598766996035"
"40097","26.80953942013941"
"40099",""
"40101","26.367623435631597"
"40103",""
"40105",""
"40107",""
"40109","22.436782942139523"
"40111",""
"40113",""
"40115","22.508448898813764"
"40117","26.45748748127773"
"40119","31.060818160730783"
"40121",""
"40123","27.26832376103792"
"40125","20.229343838000105"
"40127",""
"40129","26.4034073811183"
"40131",""
"40133","25.9950166887337"
"40135","23.65686856889137"
"40137",""
"40139",""
"40141","26.865354060554836"
"40143",""
"40145","23.170713296955956"
"40147",""
"40149","25.681239239034927"
"40151","23.224459775575024"
"40153",""
"41001","32.09365347335715"
"41003","23.887764301077276"
"41005","23.498530242294198"
"41007",""
"41009","27.3537624108094"
"41011","24.11785298534418"
"41013","22.480873412689053"
"41015",""
"41017","29.715477127228297"
"41019",""
"41021","18.22479693428704"
"41023",""
"41025","22.357590745280135"
"41027","27.51612721746455"
"41029","18.0"
"41031",""
"41033","20.516427107264825"
"41035","27.30680914064976"
"41037",""
"41039","21.415893912573008"
"41041","23.328254019043005"
"41043","27.151395667734786"
"41045",""
"41047",""
"41049","31.66257518021313"
"41051","19.28184575730337"
"41053","30.406459962623128"
"41055",""
"41057","21.60875610342684"
"41059",""
"41061","24.0902422234504"
"41063",""
"41065","24.30553893656784"
"41067","30.03560741790036"
"41069","19.677204195434292"
"41071",""
"42001","20.37228753275013"
"42003",""
"42005","27.85272652835308"
"42007","23.28026002974933"
"42009",""
"42011","25.447204327070597"
"42013",""
"42015","26.165241319013884"
"42017","29.07270954230975"
"42019","21.00637961917087"
"42021","27.130057530433756"
"42023","28.921390653426002"
"42025",""
"42027","25.869269767780818"
"42029","22.988571566370233"
"42031","24.466479952575405"
"42033","25.96726379376958"
"42035",""
"42037",""
"42039",""
"42041",""
"42043","20.954728184209618"
"42045","27.127110426833156"
"42047","20.734544347473506"
"42049","27.081440694386835"
"42051","26.369087250937852"
"42053","18.71689982658008"
"42055","22.382295589048947"
"42057",""
"42059","21.320692167811032"
"42061","23.127655089376233"
"42063","26.3672325987564"
"42065","27.49082822557753"
"42067",""
"42069","22.662222598664385"
"42071",""
"42073",""
"42075","28.17432101260092"
"42077","25.04987345727007"
"42079","21.925272200709237"
"42081","21.84771983038096"
"42083","26.578619788910622"
"42085","26.214557011835264"
"42087","29.65252096915518"
"42089","27.025974494604203"
"42091","19.49570895871239"
"42093",""
"42095","21.26161496101277"
"42097","23.408905717107597"
"42099","25.626417779539718"
"42101",""
"42103","35.0"
"42105","26.873073855973498"
"42107",""
"42109","26.620550706083506"
"42111",""
"42113",""
"42115","31.028869606397528"
"42117","25.55603099426092"
"42119","26.492002794843163"
"42121",""
"42123",""
"42125",""
"42127","22.59318713413739"
"42129","22.799323041195755"
"42131",""
"42133","26.288348060852233"
"44001","27.475253870909047"
"44003","26.352238622923178"
"44005","30.60675086383073"
"44007","24.73197324184539"
"44009","27.089934737397076"
"45001","20.934182415660185"
"45003","23.397966511139565"
"45005",""
"45007","27.72060246470472"
"45009",""
"45011",""
"45013","19.44398061127847"
"45015",""
"45017","27.86495022493724"
"45019","26.76286448358047"
"45021","26.502222384622055"
"45023","24.92558489924479"
"45025","24.776238680573982"
"45027","22.44259110703556"
"45029",""
"45031","26.22356006639775"
"45033","26.471986798979785"
"45035",""
"45037","18.0"
"45039","28.58796282186265"
"45041","23.077186435034307"
"45043","21.734666535356908"
"45045",""
"45047","23.380787406717346"
"45049",""
"45051","26.909030114449653"
"45053","27.141782751551723"
"45055","19.975193520967398"
"45057","28.98935431090178"
"45059",""
"45061",""
"45063","25.2529283881344"
"45065",""
"45067","26.18048016723038"
"45069","21.152129974071954"
"45071",""
"45073","19.428296341927602"
"45075","28.642286489527088"
"45077","22.55119095465974"
"45079","30.11453782224576"
"45081","22.877999973508107"
"45083","18.781409780234405"
"45085","20.847381677891804"
"45087",""
"45089","24.206410578928686"
"45091",""
"46003",""
"46005","26.50612825842393"
"46007","28.658757522838936"
"46009","29.816518770600208"
"46011","23.493535217651466"
"46013","20.114740205310138"
"46015","23.305774218368832"
"46017","25.661665639693663"
"46019",""
"46021","21.404664252692513"
"46023","25.95366649065559"
"46025",""
"46027","24.866222376531862"
"46029","22.0993046780225"
"46031","23.94589701353406"
"46033","21.51976806284791"
"46035","27.864304199881627"
"46037",""
"46039","18.29596223369895"
"46041","21.501313434839506"
"46043","19.51861605168485"
"46045","22.478597419569635"
"46047","24.45978272058637"
"46049","19.68255580235084"
"46051",""
"46053","21.24099577030567"
"46055",""
"46057","24.99401773423548"
"46059",""
"46061","25.369831723370698"
"46063","22.839960617741525"
"46065",""
"46067","30.603113088655537"
"46069",""
"46071","20.207285632322918"
"46073",""
"46075","27.588757169414368"
"46077",""
"46079","27.614566678415844"
"46081",""
"46083","20.826330218878063"
"46085","21.543302033568523"
"46087","28.310005202347345"
"46089",""
"46091","26.67989202123005"
"46093","25.942481694750644"
"46095",""
"46097","20.11325605505258"
"46099",""
"46101","28.84125479285991"
"46103","23.949428583527524"
"46105",""
"46107","19.397706039979536"
"46109","26.549739261774686"
"46111",""
"46113",""
"46115",""
"46117","23.58337057638057"
"46119",""
"46121","21.1860731048747"
"46123",""
"46125","24.14187506864984"
"46127","25.539376746639352"
"46129","23.459413357708186"
"46135","24.29181969170991"
"46137","27.63998608923352"
"47001",""
"47003","19.133810942092833"
"47005","30.869323761124527"
"47007","29.582081498302763"
"47009","20.23287643122736"
"47011",""
"47013","22.992785310112595"
"47015","25.672878561709517"
"47017","25.780356553381043"
"47019","23.93188540612068"
"47021",""
"47023","22.336920915994547"
"47025","21.547885886567425"
"47027","21.842902061155325"
"47029","24.516638062077085"
"47031","22.248737674607103"
"47033",""
"47035",""
"47037","22.72326445547193"
"47039",""
"47041",""
"47043","26.40199468701214"
"47045","25.01713422476492"
"47047","27.34848394526442"
"47049","26.437824334334216"
"47051","20.42379760579815"
"47053","27.790725271608117"
"47055",""
"47057",""
"47059","24.884198389617758"
"47061",""
"47063","24.01963171274462"
"47065","28.50343109686337"
"47067","33.01731118388757"
"47069","22.00317775278142"
"47071",""
"47073",""
"47075","27.274633789647815"
"47077",""
"47079","29.833168109815524"
"47081","20.070828157168773"
"47083","27.174474516891827"
"47085","22.633022903204363"
"47087",""
"47089","31.71878394174395"
"47091",""
"47093","22.829900411269737"
"47095",""
"47097","23.397858297435665"
"47099",""
"47101","24.840316758410474"
"47103",""
"47105","24.703154333625815"
"47107",""
"47109","23.027234689524036"
"47111",""
"47113","20.357904002411928"
"47115","27.595081427099995"
"47117","23.776089155976514"
"47119","23.773301447436918"
"47121","27.515240091934025"
"47123",""
"47125","26.746807537434364"
"47127","28.136999290578533"
"47129","23.593052426793378"
"47131","22.610728198801766"
"47133","20.957087071119137"
"47135","21.865321823556776"
"47137","35.0"
"47139","29.10382110743126"
"47141","20.027229229226567"
"47143","20.127292438235315"
"47145","26.436485476696525"
"47147","26.665165715680775"
"47149",""
"47151","23.86003508735249"
"47153","24.312864050215364"
"47155",""
"47157","25.05188358748814"
"47159","18.0"
"47161","23.947998827076834"
"47163","21.77442175425534"
"47165","25.36420393644544"
"47167","35.0"
"47169",""
"47171","23.65521932712087"
"47173","27.974810959621035"
"47175","26.439359159921842"
"47177","26.220488370066782"
"47179","26.8735198053253"
"47181",""
"47183","20.797154989829465"
"47185",""
"47187",""
"47189","26.694006029690495"
"48001","21.5391630144078"
"48003","23.292131281498932"
"48005","23.71969781298566"
"48007",""
"48009","27.963107277224385"
"48011","20.395631788609403"
"48013",""
"48015","22.270347795789252"
"48017","20.35091752381502"
"48019","23.99269576890987"
"48021","23.672866851408887"
"48023","33.23705823100928"
"48025","26.265474681069616"
"48027",""
"48029",""
"48031","28.323019347680564"
"48033",""
"48035",""
"48037","18.17799548645696"
"48039","31.293758542907863"
"48041","26.11390763560187"
"48043","21.71537531344179"
"48045",""
"48047",""
"48049",""
"48051","25.897835583130483"
"48053","27.98344306269804"
"48055","21.206243463936037"
"48057",""
"48059",""
"48061","25.644543134851236"
"48063",""
"48065",""
"48067",""
"48069","27.028373757853963"
"48071","27.75329320230095"
"48073","23.93114141295502"
"48075","24.885247959587925"
"48077",""
"48079","23.703659347351"
"48081","24.5759900290636"
"48083","33.91568731906356"
"48085","20.86331762148558"
"48087","29.871340179250343"
"48089","28.237264271729092"
"48091","25.73284425731109"
"48093",""
"48095","26.0526848191457"
"48097",""
"48099",""
"48101","29.030003173677034"
"48103",""
"48105","22.56373051851807"
"48107","20.138519533792913"
"48109","24.041776997369713"
"48111","21.95404016182626"
"48113",""
"48115","29.078499889869292"
"48117",""
"48119","24.601800050216962"
"48121","24.954429404628755"
"48123",""
"48125",""
"48127","22.630087508284728"
"48129",""
"48131",""
"48133",""
"48135","18.18978526150298"
"48137","26.918490443531997"
"48139","22.529864553614253"
"48141","20.5916247433808"
"48143","22.568387775271507"
"48145","24.106309709491175"
"48147",""
"48149","18.0"
"48151","27.888318836763954"
"48153",""
"48155",""
"48157",""
"48159","24.04698395632632"
"48161","24.728737751130723"
"48163",""
"48165","27.088531974242827"
"48167","22.184349971191004"
"48169",""
"48171","26.350516629053498"
"48173","29.842125481033136"
"48175","27.21499407059354"
"48177","27.510641192102813"
"48179","25.044658067096353"
"48181","29.683503727265837"
"48183",""
"48185",""
"48187","29.65871495673744"
"48189","27.191904377409987"
"48191","23.202345601490176"
"48193","23.074894303542735"
"48195","25.788578767411828"
"48197","26.3711625551837"
"48199","25.44141419524635"
"48201","25.840096205281853"
"48203","30.695794310729354"
"48205","28.49841368712805"
"48207","25.418137753132466"
"48209","28.043028498616625"
"48211","21.141106970129982"
"48213",""
"48215","31.078155674742984"
"48217",""
"48219","21.78761310241989"
"48221","22.47137687911084"
"48223","20.941413042758604"
"48225",""
"48227",""
"48229","19.836684369627253"
"48231","24.8061536249124"
"48233","27.90654009793523"
"48235","21.577383184226285"
"48237","30.06403212876659"
"48239","26.5376313269468"
"48241","28.355179579809107"
"48243","22.451285969228262"
"48245","27.73956551535677"
"48247","20.933367598033918"
"48249","27.864475852236904"
"48251","25.352412762654208"
"48253","26.686098483548275"
"48255",""
"48257","21.621743594970685"
"48259",""
"48261","21.43544545504552"
"48263",""
"48265",""
"48267","27.717357876690258"
"48269",""
"48271","26.682772127729393"
"48273",""
"48275","22.31513375039448"
"48277","26.786717450953592"
"48279",""
"48281","22.867368608498513"
"48283",""
"48285","18.0"
"48287","25.974164768659183"
"48289","19.279883546232988"
"48291","25.08493164393711"
"48293",""
"48295","27.126304409502044"
"48297","23.695376166983586"
"48299","23.599558389406756"
"48301","27.310678545316676"
"48303","25.923140751464484"
"48305","25.8570457379125"
"48307",""
"48309","19.382094568179095"
"48311","27.397809413831467"
"48313",""
"48315","21.196497524167018"
"48317",""
"48319",""
"48321",""
"48323","25.918951477472888"
"48325","29.756611613716558"
"48327",""
"48329","20.163094397057886"
"48331","26.926737582836257"
"48333","29.398431774281267"
"48335","26.10409707529043"
"48337","28.566380142118856"
"48339",""
"48341","28.33115356549873"
"48343","25.623300078175745"
"48345","28.405909419872433"
"48347","25.258171231373467"
"48349","24.835122828852185"
"48351","23.522748144680392"
"48353","30.218339848691215"
"48355",""
"48357","30.10978235188089"
"48359",""
"48361",""
"48363","26.03710286317759"
"48365","18.0"
"48367",""
"48369","27.84693630581368"
"48371","22.68024546414442"
"48373","25.183551017202337"
"48375",""
"48377",""
"48379",""
"48381","29.932484176237967"
"48383",""
"48385","24.764463564833036"
"48387","28.288331101653757"
"48389","29.442289561756887"
"48391","22.155290816467136"
"48393","23.054568405452436"
"48395","29.055548826292746"
"48397","30.64354267773109"
"48399",""
"48401","21.675087574538587"
"48403","31.69971205556821"
"48405","22.894891046438634"
"48407","23.57966214274185"
"48409",""
"48411",""
"48413","27.73764494705179"
"48415",""
"48417","26.3715252855969"
"48419","24.903698943185734"
"48421","26.703191418922707"
"48423","18.0"
"48425","23.71439140283374"
"48427",""
"48429","20.726781487726072"
"48431",""
"48433","24.036564862788577"
"48435","30.889925640832907"
"48437",""
"48439","23.122755129572887"
"48441",""
"48443",""
"48445","23.172219876648374"
"48447",""
"48449","22.100050406154292"
"48451","20.798109941962007"
"48453",""
"48455",""
"48457","21.939084061759303"
"48459",""
"48461","22.54309840082649"
"48463","25.63678562794912"
"48465","27.620043811896796"
"48467","24.634007580253833"
"48469","26.341636767080306"
"48471","22.94573755576376"
"48473","24.06455473768895"
"48475","24.031710699062486"
"48477","22.14097489798749"
"48479","24.133413368330476"
"48481",""
"48483","23.03411996942984"
"48485","23.755414653405886"
"48487","23.85575526113768"
"48489","23.907094990474903"
"48491","24.535569550979275"
"48493",""
"48495","27.809471153725266"
"48497","22.47950204418872"
"48499","20.544299619846594"
"48501","21.10781653742708"
"48503","23.047934851517013"
"48505","23.520975026969808"
"48507","22.05908998578425"
"49001",""
"49003",""
"49005","25.385936676117964"
"49007","26.83218478245236"
"49009","22.80239560086433"
"49011",""
"49013","21.511148103771056"
"49015","24.64160730415578"
"49017","21.784834249614363"
"49019","26.7556011130752"
"49021",""
"49023","23.494021166737653"
"49025","25.80442512493167"
"49027","25.394356384463453"
"49029","34.16829146072009"
"49031","25.974689195273726"
"49033","21.240655803771993"
"49035",""
"49037",""
"49039",""
"49041","21.838587653104153"
"49043","27.952392777152244"
"49045","22.829959370346817"
"49047",""
"49049","22.5291811131475"
"49051",""
"49053","23.628248943864094"
"49055","31.159456546216873"
"49057","27.598391324144817"
"50001","26.43718714563194"
"50003","26.04089278455477"
"50005","26.128534784964433"
"50007",""
"50009","23.776367270724567"
"50011","27.706810962960784"
"50013","24.580561741615668"
"50015",""
"50017",""
"50019","30.710299148184603"
"50021","29.111556295415483"
"50023","24.534731007319866"
"50025",""
"50027","23.469973093803894"
"51001",""
"51003","21.518953876009284"
"51005","30.21650550985529"
"51007",""
"51009",""
"51011",""
"51013",""
"51015",""
"51017","32.509966009323875"
"51019","24.19540632741586"
"51021","25.785253201539675"
"51023",""
"51025","29.915948329945742"
"51027",""
"51029","25.50954158682306"
"51031","20.914595079768603"
"51033",""
"51035",""
"51036","22.62597899636157"
"51037","22.866386568885307"
"51041","22.834405362642723"
"51043","27.66546568765832"
"51045",""
"51047",""
"51049","29.010387589217217"
"51051","22.957043387482575"
"51053","22.241188627407947"
"51057","23.945463733120125"
"51059","28.876694676801538"
"51061","25.430278459794213"
"51063","22.894039959076895"
"51065",""
"51067","20.897147831187272"
"51069","27.134055683063217"
"51071","26.18032105383271"
"51073","23.67522474172027"
"51075",""
"51077",""
"51079","26.62164058732999"
"51081",""
"51083",""
"51085",""
"51087",""
"51089","22.70730377227978"
"51091","24.642936883426387"
"51093",""
"51095",""
"51097","22.416511205585447"
"51099","25.77325333968862"
"51101","24.096506128366926"
"51103","18.0"
"51105",""
"51107","22.629510960367174"
"51109",""
"51111","18.0"
"51113","23.004130707164254"
"51115",""
"51117",""
"51119",""
"51121",""
"51125",""
"51127","18.0"
"51131","27.437736694725235"
"51133",""
"51135",""
"51137","35.0"
"51139","18.0"
"51141",""
"51143","23.74642103110662"
"51145",""
"51147","24.592397879768978"
"51149","23.268110581219027"
"51153","22.759001899411604"
"51155","25.903736496114327"
"51157","19.446428481283515"
"51159","27.376096566018706"
"51161","23.296230851674633"
"51163","20.800019129823056"
"51165",""
"51167","29.147423775595044"
"51169","22.879630754016485"
"51171","26.00494827967504"
"51173",""
"51175","27.401771777465978"
"51177","27.148560823571607"
"51179","31.215584957485213"
"51181",""
"51183","27.089631045446254"
"51185","25.094454367244875"
"51187","29.282825252842123"
"51191","22.237994396228896"
"51193","27.356606427573197"
"51195","24.070741417616723"
"51197",""
"51199","25.072372467759386"
"51510","25.633551727498862"
"51520","24.345121933792807"
"51530","25.502330045469506"
"51540","30.269757876668"
"51550","28.197370030503237"
"51570","27.79072012483124"
"51580",""
"51590","21.642125951176222"
"51595",""
"51600",""
"51610",""
"51620","22.63959739412535"
"51630","23.948876413952657"
"51640",""
"51650","23.37918428479453"
"51660",""
"51670","23.120343065498165"
"51678",""
"51680","24.08540727298926"
"51683","25.8846734710049"
"51685","20.738399975537366"
"51690",""
"51700",""
"51710",""
"51720",""
"51730","28.968550759543394"
"51735",""
"51740","26.38335272979972"
"51750","30.070054520117726"
"51760","21.43345751887536"
"51770","30.86155860114156"
"51775","28.011141966665875"
"51790","23.924376272906475"
"51800",""
"51810","20.883156237301936"
"51820",""
"51830",""
"51840",""
"53001",""
"53003","29.028304419670327"
"53005","23.84640280028411"
"53007","25.984147592073963"
"53009","22.757189072840198"
"53011",""
"53013","25.695852429171232"
"53015",""
"53017",""
"53019","19.96694364271898"
"53021",""
"53023","27.938309601668546"
"53025","25.121330940092424"
"53027",""
"53029","21.792221591891103"
"53031","26.65192921430131"
"53033","25.450219492080404"
"53035","25.674741838171894"
"53037",""
"53039","27.312851393982776"
"53041","25.761123032888328"
"53043",""
"53045",""
"53047","24.322463653213067"
"53049","25.07803674841135"
"53051","20.79954922259182"
"53053","33.184468414313024"
"53055",""
"53057","26.85697243221124"
"53059",""
"53061","24.009508219365028"
"53063","21.422960616050638"
"53065",""
"53067",""
"53069","20.40946756358441"
"53071","25.920058012875565"
"53073",""
"53075","18.080496191690084"
"53077","21.74302629984109"
"54001","23.305283377522844"
"54003",""
"54005","26.697644277419492"
"54007","20.081752677320225"
"54009","26.451067542500134"
"54011",""
"54013","28.53739463665694"
"54015","23.104155854056593"
"54017","24.424122533536718"
"54019","29.38746375030051"
"54021",""
"54023","19.86622746971609"
"54025","22.710864834109465"
"54027","28.38244783165324"
"54029","19.438832308371"
"54031","18.0"
"54033","23.173970390411338"
"54035",""
"54037","28.94850495176941"
"54039","23.132001147711904"
"54041","23.312902445128334"
"54043","28.786394048656142"
"54045","18.21360135738502"
"54047","23.3929974357692"
"54049","25.41739749550319"
"54051",""
"54053",""
"54055","24.871971020374485"
"54057","18.0"
"54059",""
"54061","26.337328125741696"
"54063","21.316746122686002"
"54065","24.95779144251356"
"54067","26.314123235401816"
"54069","23.553746577127498"
"54071","25.347602801145683"
"54073",""
"54075",""
"54077","26.885288240932848"
"54079","25.30042938670249"
"54081",""
"54083",""
"54085","27.250322181861808"
"54087","18.0"
"54089","28.804483672085787"
"54091","23.575756469219883"
"54093","26.239354654465597"
"54095",""
"54097","19.955199397248528"
"54099","22.27083332172141"
"54101","23.74257053924302"
"54103","22.010984192166223"
"54105","30.81810634051175"
"54107","21.755659613067174"
"54109","22.80895638060766"
"55001","25.466229508907606"
"55003",""
"55005",""
"55007",""
"55009","23.587625462874882"
"55011",""
"55013",""
"55015","19.4558814361649"
"55017",""
"55019",""
"55021","24.81588599937969"
"55023","25.539223574096788"
"55025","27.17378962411671"
"55027","20.31306361824262"
"55029","30.70473638289948"
"55031","25.459025469431687"
"55033","30.457666878259428"
"55035","22.18833902630413"
"55037",""
"55039","27.462032787318382"
"55041","26.68536020927777"
"55043","25.56985590915173"
"55045","23.88250903902399"
"55047","28.949448743624274"
"55049","25.242338269047572"
"55051","18.0"
"55053",""
"55055","24.101692676222772"
"55057","25.835516601676446"
"55059","24.553667497481825"
"55061","29.013924989446938"
"55063","18.0"
"55065",""
"55067","18.394599581217122"
"55069","27.40803244159879"
"55071",""
"55073","26.218794150924367"
"55075",""
"55077",""
"55078","28.394147160665675"
"55079",""
"55081","24.298656974239215"
"55083","26.779132107398148"
"55085","22.279744451133062"
"55087","27.743168634333667"
"55089",""
"55091","28.495152684942646"
"55093","22.20033457075615"
"55095",""
"55097","20.22980335469187"
"55099",""
"55101",""
"55103","18.213340363720047"
"55105",""
"55107","23.761487023573693"
"55109",""
"55111","20.522354004742656"
"55113","26.111685659850846"
"55115",""
"55117",""
"55119","22.10875919610968"
"55121","28.41856278804071"
"55123","30.540015084400686"
"55125","23.06066789222"
"55127","22.61097232965219"
"55129","26.469150330895697"
"55131","23.49961692198648"
"55133","24.264109667272084"
"55135","27.337891486387885"
"55137","18.075081436767544"
"55139","29.36125829714636"
"55141","25.00568340482968"
"56001",""
"56003","24.439515159944225"
"56005",""
"56007",""
"56009","29.978902354215283"
"56011","24.89604452363404"
"56013","26.3005896829732"
"56015",""
"56017","21.180834621632652"
"56019","26.40713354643175"
"56021","23.815678315020264"
"56023","27.712450466657494"
"56025","18.0"
"56027","24.40503711498671"
"56029","22.64365347038595"
"56031",""
"56033","26.39514784188746"
"56035",""
"56037","22.261277303987193"
"56039","24.364576475478362"
"56041","21.616245424665447"
"56043","27.695711449709947"
"56045","23.4605313543019"
